{
  "total_time_seconds": 224.20182490348816,
  "step_times": {
    "Classification": 7.487263917922974,
    "Extraction": 15.414955615997314,
    "Assessment": 51.6675124168396,
    "Summarization": 149.63209295272827
  },
  "throughput_metrics": {
    "pages_processed": 10,
    "pages_per_second": 0.04460266995732388,
    "seconds_per_page": 22.420182490348814
  },
  "evaluation_completed": false
}